﻿Designator,Quantity,Value,Footprint,Package,MPN,DNP,Mount_Type,Description,Part URL,Vendor,Part no.
"C1, C2",2,C,C_Disc_D5.0mm_W2.5mm_P2.50mm,,,,tht,Unpolarized capacitor,,,
J1,1,Conn_02x03_Odd_Even,PinSocket_2x03_P2.54mm_Vertical,,,,tht,"Generic connector, double row, 02x03, odd/even pin numbering scheme (row 1 odd numbers, row 2 even numbers), script generated (kicad-library-utils/schlib/autogen/connector/)",https://mou.sr/3GIDVEr,Mouser,200-SSW10301TD
J2,1,Conn_02x02_Counter_Clockwise,PinSocket_2x02_P2.54mm_Vertical,,,,tht,"Generic connector, double row, 02x02, odd/even pin numbering scheme (row 1 odd numbers, row 2 even numbers), script generated (kicad-library-utils/schlib/autogen/connector/)",https://mou.sr/4eSbYqI,Mouser,200-SSW10206TD
J4,1,Conn_01x02,PinSocket_1x02_P2.54mm_Vertical,,,,tht,"Generic connector, single row, 01x02, script generated (kicad-library-utils/schlib/autogen/connector/)",https://mou.sr/4lBvdHe,Mouser,200-SSW10201TS
J5,1,Conn_01x06,PinSocket_1x06_P2.54mm_Vertical,,,,tht,"Generic connector, single row, 01x06, script generated (kicad-library-utils/schlib/autogen/connector/)",https://mou.sr/4lnf48h,Mouser,200-SSW10601TS
J6,1,Conn_02x04_Odd_Even,PinSocket_2x04_P2.54mm_Vertical,,,,tht,"Generic connector, double row, 02x04, odd/even pin numbering scheme (row 1 odd numbers, row 2 even numbers), script generated (kicad-library-utils/schlib/autogen/connector/)",,,
"J_CUTOFF1, J_CUTOFF2, J_HP1, J_LP1, J_OUT1",5,PJ398SM,Jack_3.5mm_QingPu_WQP-PJ398SM_Vertical_CircularHoles,,,,tht,"Audio Jack, 2 Poles (Mono / TS), Grounded Sleeve",https://www.thonk.co.uk/shop/thonkiconn/,Thonk,PJ398SM
R1,1,6.8k,R_Axial_DIN0207_L6.3mm_D2.5mm_P7.62mm_Horizontal,,,,tht,Resistor,https://mou.sr/4hEwI4G,Mouser,603-MFR-25FRF52100K
"R10, R11, R4, R5",4,10k-1M,R_Axial_DIN0207_L6.3mm_D2.5mm_P7.62mm_Horizontal,,,,tht,Resistor,https://mou.sr/4hEwI4G,Mouser,603-MFR-25FRF52100K
"R12, R13, R14, R6, R7, R8, R9",7,100k,R_Axial_DIN0207_L6.3mm_D2.5mm_P7.62mm_Horizontal,,,,tht,Resistor,"[R12,R13,R14,R6,R7,R8]https://mou.sr/4hEwI4G; [R9]https://mou.sr/46cEvF7",Mouser,"[R12,R13,R14,R6,R7,R8]603-MFR-25FRF52100K; [R9]603-MFR-25FRF52-220K"
R2,1,3.3k,R_Axial_DIN0207_L6.3mm_D2.5mm_P7.62mm_Horizontal,,,,tht,Resistor,https://mou.sr/4hEwI4G,Mouser,603-MFR-25FRF52100K
R3,1,220k,R_Axial_DIN0207_L6.3mm_D2.5mm_P7.62mm_Horizontal,,,,tht,Resistor,https://mou.sr/4hEwI4G,Mouser,603-MFR-25FRF52100K
"RV_CUTOFF1, RV_CUTOFF2, RV_MAIN_CUTOFF1, RV_RESO1",4,100k,Potentiometer_Bourns_Single-PTV09A,,,,tht,Potentiometer,https://mou.sr/4694GMU,Mouser,652-PTV09A4025FB104
RV_CUTOFF_BIAS1,1,10k,"Potentiometer_ACP_CA6-H2,5_Horizontal",,,,tht,Trim-potentiometer,,,
U1,1,TL072,DIP-8_W7.62mm_LongPads,,,,tht,"Dual Low-Noise JFET-Input Operational Amplifiers, DIP-8/SOIC-8",,,
