﻿pos_x,pos_y,rotation,side,designator,mpn,pack,footprint,value,mount_type
160.342,-72.829,0.0,top,C1,,,C_Disc_D5.0mm_W2.5mm_P2.50mm,C,tht
146.098,-62.669,-90.0,top,C2,,,C_Disc_D5.0mm_W2.5mm_P2.50mm,C,tht
170.0,-94.0,180.0,bottom,J1,,,PinSocket_2x03_P2.54mm_Vertical,Conn_02x03_Odd_Even,tht
170.0,-148.5,180.0,bottom,J2,,,PinSocket_2x02_P2.54mm_Vertical,Conn_02x02_Counter_Clockwise,tht
179.651,-97.614,0.0,top,J4,,,PinSocket_1x02_P2.54mm_Vertical,Conn_01x02,tht
132.5,-151.0,-90.0,bottom,J5,,,PinSocket_1x06_P2.54mm_Vertical,Conn_01x06,tht
134.0,-98.0,90.0,bottom,J6,,,PinSocket_2x04_P2.54mm_Vertical,Conn_02x04_Odd_Even,tht
156.512,-54.287,0.0,top,JP1,,,PinHeader_1x03_P2.54mm_Vertical,Jumper_3_Open,tht
153.0,-115.0,0.0,top,J_CUTOFF1,,,Jack_3.5mm_QingPu_WQP-PJ398SM_Vertical_CircularHoles,PJ398SM,tht
169.0,-115.0,0.0,top,J_CUTOFF2,,,Jack_3.5mm_QingPu_WQP-PJ398SM_Vertical_CircularHoles,PJ398SM,tht
137.0,-115.0,0.0,top,J_HP1,,,Jack_3.5mm_QingPu_WQP-PJ398SM_Vertical_CircularHoles,PJ398SM,tht
137.0,-139.0,0.0,top,J_LP1,,,Jack_3.5mm_QingPu_WQP-PJ398SM_Vertical_CircularHoles,PJ398SM,tht
169.0,-139.0,0.0,top,J_OUT1,,,Jack_3.5mm_QingPu_WQP-PJ398SM_Vertical_CircularHoles,PJ398SM,tht
179.626,-54.541,-90.0,top,R1,,,R_Axial_DIN0207_L6.3mm_D2.5mm_P7.62mm_Horizontal,6.8k,tht
162.241,-101.15,90.0,top,R10,,,R_Axial_DIN0207_L6.3mm_D2.5mm_P7.62mm_Horizontal,10k-1M,tht
165.402,-101.15,90.0,top,R11,,,R_Axial_DIN0207_L6.3mm_D2.5mm_P7.62mm_Horizontal,10k-1M,tht
158.925,-93.53,-90.0,top,R12,,,R_Axial_DIN0207_L6.3mm_D2.5mm_P7.62mm_Horizontal,100k,tht
155.623,-101.15,90.0,top,R13,,,R_Axial_DIN0207_L6.3mm_D2.5mm_P7.62mm_Horizontal,100k,tht
152.321,-93.53,-90.0,top,R14,,,R_Axial_DIN0207_L6.3mm_D2.5mm_P7.62mm_Horizontal,100k,tht
176.324,-54.541,-90.0,top,R2,,,R_Axial_DIN0207_L6.3mm_D2.5mm_P7.62mm_Horizontal,3.3k,tht
173.000068,-72.194,90.0,top,R3,,,R_Axial_DIN0207_L6.3mm_D2.5mm_P7.62mm_Horizontal,220k,tht
136.446,-81.973,0.0,top,R4,,,R_Axial_DIN0207_L6.3mm_D2.5mm_P7.62mm_Horizontal,10k-1M,tht
136.446,-85.148,0.0,top,R5,,,R_Axial_DIN0207_L6.3mm_D2.5mm_P7.62mm_Horizontal,10k-1M,tht
136.446,-75.623,0.0,top,R6,,,R_Axial_DIN0207_L6.3mm_D2.5mm_P7.62mm_Horizontal,100k,tht
144.066,-78.798,180.0,top,R7,,,R_Axial_DIN0207_L6.3mm_D2.5mm_P7.62mm_Horizontal,100k,tht
136.446,-88.323,0.0,top,R8,,,R_Axial_DIN0207_L6.3mm_D2.5mm_P7.62mm_Horizontal,100k,tht
173.000068,-54.541,-90.0,top,R9,,,R_Axial_DIN0207_L6.3mm_D2.5mm_P7.62mm_Horizontal,100k,tht
153.0,-83.0,0.0,top,RV_CUTOFF1,,,Potentiometer_Bourns_Single-PTV09A,100k,tht
169.0,-83.0,0.0,top,RV_CUTOFF2,,,Potentiometer_Bourns_Single-PTV09A,100k,tht
179.245,-69.908,180.0,top,RV_CUTOFF_BIAS1,,,"Potentiometer_ACP_CA6-H2,5_Horizontal",10k,tht
165.0,-55.0,0.0,top,RV_MAIN_CUTOFF1,,,Potentiometer_Bourns_Single-PTV09A,100k,tht
137.0,-59.0,0.0,top,RV_RESO1,,,Potentiometer_Bourns_Single-PTV09A,100k,tht
157.02,-65.209,-90.0,top,U1,,,DIP-8_W7.62mm_LongPads,TL072,tht
