﻿Designator,Footprint,Quantity,Value,LCSC Part #
"D_DRIVE1, D_LFO1",LED_D3.0mm,2,Red LED,
D_DRIVE_FROM_CORE1,PinSocket_1x02_P2.54mm_Vertical,1,Red LED,
J1,PinSocket_2x03_P2.54mm_Vertical,1,Conn_02x03_Odd_Even,
J2,PinSocket_2x04_P2.54mm_Vertical,1,Conn_02x04_Odd_Even,
J3,PinSocket_2x02_P2.54mm_Vertical,1,Conn_02x02_Odd_Even,
J4,PinSocket_1x02_P2.54mm_Vertical,1,Conn_01x02,
J5,PinSocket_1x06_P2.54mm_Vertical,1,Conn_01x06,
J6,PinSocket_2x05_P2.54mm_Vertical,1,Conn_02x05_Odd_Even,
"J_CRUSH_IN1, J_CRUSH_OUT1, J_CRUSH_TRIG1, J_LFO_SQR1, J_LFO_TRI1, J_MAIN_IN1, J_MAIN_OUT1",Jack_3.5mm_QingPu_WQP-PJ398SM_Vertical_CircularHoles,7,PJ398SM,
Q1,TO-92_Inline_Wide,1,2N3904,
R1,R_Axial_DIN0207_L6.3mm_D2.5mm_P7.62mm_Horizontal,1,47k,
R2,R_Axial_DIN0207_L6.3mm_D2.5mm_P7.62mm_Horizontal,1,1k,
RV_CRUSH1,Potentiometer_Bourns_Single-PTV09A,1,1M,
RV_DRIVE1,Potentiometer_Bourns_Single-PTV09A,1,100k,
RV_LFO_AMOUNT1,Potentiometer_Bourns_Dual-PTV112-4,1,A20k,
RV_LFO_RATE1,Potentiometer_Bourns_Single-PTV09A,1,A100k,
RV_MAIN_VOLUME1,Potentiometer_Bourns_Single-PTV09A,1,A10k,
